<?xml version="1.0" encoding="utf-8"?>
<annotations>
  <version>1.1</version>
  <meta>
    <task>
      <id>17</id>
      <name>Cam-21-20210702-120238</name>
      <size>1000</size>
      <mode>annotation</mode>
      <overlap>0</overlap>
      <bugtracker></bugtracker>
      <created>2021-12-14 19:39:55.145586+00:00</created>
      <updated>2021-12-14 19:39:59.644040+00:00</updated>
      <subset>Train</subset>
      <start_frame>0</start_frame>
      <stop_frame>999</stop_frame>
      <frame_filter></frame_filter>
      <segments>
        <segment>
          <id>33</id>
          <start>0</start>
          <stop>199</stop>
          <url>http192.168.0.40:8080/?id=33</url>
        </segment>
        <segment>
          <id>34</id>
          <start>200</start>
          <stop>399</stop>
          <url>http192.168.0.40:8080/?id=34</url>
        </segment>
        <segment>
          <id>35</id>
          <start>400</start>
          <stop>599</stop>
          <url>http192.168.0.40:8080/?id=35</url>
        </segment>
        <segment>
          <id>36</id>
          <start>600</start>
          <stop>799</stop>
          <url>http192.168.0.40:8080/?id=36</url>
        </segment>
        <segment>
          <id>37</id>
          <start>800</start>
          <stop>999</stop>
          <url>http192.168.0.40:8080/?id=37</url>
        </segment>
      </segments>
      <owner>
        <username>bma</username>
        <email>basselmac@gmail.com</email>
      </owner>
      <assignee></assignee>
      <labels>
        <label>
          <name>cow</name>
          <color>#c06000</color>
          <attributes>
          </attributes>
        </label>
      </labels>
    </task>
    <dumped>2021-12-14 19:40:23.962986+00:00</dumped>
  </meta>
  <image id="955" name="00956.jpg" width="1920" height="1080">
  </image>
  <image id="954" name="00955.jpg" width="1920" height="1080">
  </image>
  <image id="953" name="00954.jpg" width="1920" height="1080">
  </image>
  <image id="952" name="00953.jpg" width="1920" height="1080">
  </image>
  <image id="951" name="00952.jpg" width="1920" height="1080">
  </image>
  <image id="950" name="00951.jpg" width="1920" height="1080">
  </image>
  <image id="949" name="00950.jpg" width="1920" height="1080">
  </image>
  <image id="948" name="00949.jpg" width="1920" height="1080">
  </image>
  <image id="947" name="00948.jpg" width="1920" height="1080">
  </image>
  <image id="946" name="00947.jpg" width="1920" height="1080">
  </image>
  <image id="945" name="00946.jpg" width="1920" height="1080">
  </image>
  <image id="944" name="00945.jpg" width="1920" height="1080">
  </image>
  <image id="943" name="00944.jpg" width="1920" height="1080">
  </image>
  <image id="942" name="00943.jpg" width="1920" height="1080">
  </image>
  <image id="941" name="00942.jpg" width="1920" height="1080">
  </image>
  <image id="940" name="00941.jpg" width="1920" height="1080">
  </image>
  <image id="939" name="00940.jpg" width="1920" height="1080">
  </image>
  <image id="938" name="00939.jpg" width="1920" height="1080">
  </image>
  <image id="937" name="00938.jpg" width="1920" height="1080">
  </image>
  <image id="936" name="00937.jpg" width="1920" height="1080">
  </image>
  <image id="935" name="00936.jpg" width="1920" height="1080">
  </image>
  <image id="934" name="00935.jpg" width="1920" height="1080">
  </image>
  <image id="933" name="00934.jpg" width="1920" height="1080">
  </image>
  <image id="932" name="00933.jpg" width="1920" height="1080">
  </image>
  <image id="931" name="00932.jpg" width="1920" height="1080">
  </image>
  <image id="930" name="00931.jpg" width="1920" height="1080">
  </image>
  <image id="929" name="00930.jpg" width="1920" height="1080">
  </image>
  <image id="928" name="00929.jpg" width="1920" height="1080">
  </image>
  <image id="927" name="00928.jpg" width="1920" height="1080">
  </image>
  <image id="926" name="00927.jpg" width="1920" height="1080">
  </image>
  <image id="925" name="00926.jpg" width="1920" height="1080">
  </image>
  <image id="924" name="00925.jpg" width="1920" height="1080">
  </image>
  <image id="923" name="00924.jpg" width="1920" height="1080">
  </image>
  <image id="922" name="00923.jpg" width="1920" height="1080">
  </image>
  <image id="921" name="00922.jpg" width="1920" height="1080">
  </image>
  <image id="920" name="00921.jpg" width="1920" height="1080">
  </image>
  <image id="919" name="00920.jpg" width="1920" height="1080">
  </image>
  <image id="918" name="00919.jpg" width="1920" height="1080">
  </image>
  <image id="917" name="00918.jpg" width="1920" height="1080">
  </image>
  <image id="916" name="00917.jpg" width="1920" height="1080">
  </image>
  <image id="915" name="00916.jpg" width="1920" height="1080">
  </image>
  <image id="914" name="00915.jpg" width="1920" height="1080">
  </image>
  <image id="913" name="00914.jpg" width="1920" height="1080">
  </image>
  <image id="912" name="00913.jpg" width="1920" height="1080">
  </image>
  <image id="911" name="00912.jpg" width="1920" height="1080">
  </image>
  <image id="910" name="00911.jpg" width="1920" height="1080">
  </image>
  <image id="909" name="00910.jpg" width="1920" height="1080">
  </image>
  <image id="908" name="00909.jpg" width="1920" height="1080">
  </image>
  <image id="907" name="00908.jpg" width="1920" height="1080">
  </image>
  <image id="906" name="00907.jpg" width="1920" height="1080">
  </image>
  <image id="905" name="00906.jpg" width="1920" height="1080">
  </image>
  <image id="904" name="00905.jpg" width="1920" height="1080">
  </image>
  <image id="903" name="00904.jpg" width="1920" height="1080">
  </image>
  <image id="902" name="00903.jpg" width="1920" height="1080">
  </image>
  <image id="901" name="00902.jpg" width="1920" height="1080">
  </image>
  <image id="900" name="00901.jpg" width="1920" height="1080">
  </image>
  <image id="899" name="00900.jpg" width="1920" height="1080">
  </image>
  <image id="898" name="00899.jpg" width="1920" height="1080">
  </image>
  <image id="897" name="00898.jpg" width="1920" height="1080">
  </image>
  <image id="896" name="00897.jpg" width="1920" height="1080">
  </image>
  <image id="895" name="00896.jpg" width="1920" height="1080">
  </image>
  <image id="894" name="00895.jpg" width="1920" height="1080">
  </image>
  <image id="893" name="00894.jpg" width="1920" height="1080">
  </image>
  <image id="892" name="00893.jpg" width="1920" height="1080">
  </image>
  <image id="891" name="00892.jpg" width="1920" height="1080">
  </image>
  <image id="890" name="00891.jpg" width="1920" height="1080">
  </image>
  <image id="889" name="00890.jpg" width="1920" height="1080">
  </image>
  <image id="888" name="00889.jpg" width="1920" height="1080">
  </image>
  <image id="887" name="00888.jpg" width="1920" height="1080">
  </image>
  <image id="886" name="00887.jpg" width="1920" height="1080">
  </image>
  <image id="885" name="00886.jpg" width="1920" height="1080">
  </image>
  <image id="884" name="00885.jpg" width="1920" height="1080">
  </image>
  <image id="883" name="00884.jpg" width="1920" height="1080">
  </image>
  <image id="882" name="00883.jpg" width="1920" height="1080">
  </image>
  <image id="881" name="00882.jpg" width="1920" height="1080">
  </image>
  <image id="880" name="00881.jpg" width="1920" height="1080">
  </image>
  <image id="879" name="00880.jpg" width="1920" height="1080">
  </image>
  <image id="878" name="00879.jpg" width="1920" height="1080">
  </image>
  <image id="877" name="00878.jpg" width="1920" height="1080">
  </image>
  <image id="876" name="00877.jpg" width="1920" height="1080">
  </image>
  <image id="875" name="00876.jpg" width="1920" height="1080">
  </image>
  <image id="874" name="00875.jpg" width="1920" height="1080">
  </image>
  <image id="873" name="00874.jpg" width="1920" height="1080">
  </image>
  <image id="872" name="00873.jpg" width="1920" height="1080">
  </image>
  <image id="871" name="00872.jpg" width="1920" height="1080">
  </image>
  <image id="870" name="00871.jpg" width="1920" height="1080">
  </image>
  <image id="869" name="00870.jpg" width="1920" height="1080">
  </image>
  <image id="868" name="00869.jpg" width="1920" height="1080">
  </image>
  <image id="867" name="00868.jpg" width="1920" height="1080">
  </image>
  <image id="866" name="00867.jpg" width="1920" height="1080">
  </image>
  <image id="865" name="00866.jpg" width="1920" height="1080">
  </image>
  <image id="864" name="00865.jpg" width="1920" height="1080">
  </image>
  <image id="863" name="00864.jpg" width="1920" height="1080">
  </image>
  <image id="862" name="00863.jpg" width="1920" height="1080">
  </image>
  <image id="861" name="00862.jpg" width="1920" height="1080">
  </image>
  <image id="860" name="00861.jpg" width="1920" height="1080">
  </image>
  <image id="859" name="00860.jpg" width="1920" height="1080">
  </image>
  <image id="858" name="00859.jpg" width="1920" height="1080">
  </image>
  <image id="857" name="00858.jpg" width="1920" height="1080">
  </image>
  <image id="856" name="00857.jpg" width="1920" height="1080">
  </image>
  <image id="855" name="00856.jpg" width="1920" height="1080">
  </image>
  <image id="854" name="00855.jpg" width="1920" height="1080">
  </image>
  <image id="853" name="00854.jpg" width="1920" height="1080">
  </image>
  <image id="852" name="00853.jpg" width="1920" height="1080">
  </image>
  <image id="851" name="00852.jpg" width="1920" height="1080">
  </image>
  <image id="850" name="00851.jpg" width="1920" height="1080">
  </image>
  <image id="849" name="00850.jpg" width="1920" height="1080">
  </image>
  <image id="848" name="00849.jpg" width="1920" height="1080">
  </image>
  <image id="847" name="00848.jpg" width="1920" height="1080">
  </image>
  <image id="846" name="00847.jpg" width="1920" height="1080">
  </image>
  <image id="845" name="00846.jpg" width="1920" height="1080">
  </image>
  <image id="844" name="00845.jpg" width="1920" height="1080">
  </image>
  <image id="843" name="00844.jpg" width="1920" height="1080">
  </image>
  <image id="842" name="00843.jpg" width="1920" height="1080">
  </image>
  <image id="841" name="00842.jpg" width="1920" height="1080">
  </image>
  <image id="840" name="00841.jpg" width="1920" height="1080">
  </image>
  <image id="839" name="00840.jpg" width="1920" height="1080">
  </image>
  <image id="838" name="00839.jpg" width="1920" height="1080">
  </image>
  <image id="837" name="00838.jpg" width="1920" height="1080">
  </image>
  <image id="836" name="00837.jpg" width="1920" height="1080">
  </image>
  <image id="835" name="00836.jpg" width="1920" height="1080">
  </image>
  <image id="834" name="00835.jpg" width="1920" height="1080">
  </image>
  <image id="833" name="00834.jpg" width="1920" height="1080">
  </image>
  <image id="832" name="00833.jpg" width="1920" height="1080">
  </image>
  <image id="831" name="00832.jpg" width="1920" height="1080">
  </image>
  <image id="830" name="00831.jpg" width="1920" height="1080">
  </image>
  <image id="829" name="00830.jpg" width="1920" height="1080">
  </image>
  <image id="828" name="00829.jpg" width="1920" height="1080">
  </image>
  <image id="827" name="00828.jpg" width="1920" height="1080">
  </image>
  <image id="826" name="00827.jpg" width="1920" height="1080">
  </image>
  <image id="825" name="00826.jpg" width="1920" height="1080">
  </image>
  <image id="824" name="00825.jpg" width="1920" height="1080">
  </image>
  <image id="823" name="00824.jpg" width="1920" height="1080">
  </image>
  <image id="822" name="00823.jpg" width="1920" height="1080">
  </image>
  <image id="821" name="00822.jpg" width="1920" height="1080">
  </image>
  <image id="820" name="00821.jpg" width="1920" height="1080">
  </image>
  <image id="819" name="00820.jpg" width="1920" height="1080">
  </image>
  <image id="818" name="00819.jpg" width="1920" height="1080">
  </image>
  <image id="817" name="00818.jpg" width="1920" height="1080">
  </image>
  <image id="816" name="00817.jpg" width="1920" height="1080">
  </image>
  <image id="815" name="00816.jpg" width="1920" height="1080">
  </image>
  <image id="814" name="00815.jpg" width="1920" height="1080">
  </image>
  <image id="813" name="00814.jpg" width="1920" height="1080">
  </image>
  <image id="812" name="00813.jpg" width="1920" height="1080">
  </image>
  <image id="811" name="00812.jpg" width="1920" height="1080">
  </image>
  <image id="810" name="00811.jpg" width="1920" height="1080">
  </image>
  <image id="809" name="00810.jpg" width="1920" height="1080">
  </image>
  <image id="808" name="00809.jpg" width="1920" height="1080">
  </image>
  <image id="807" name="00808.jpg" width="1920" height="1080">
  </image>
  <image id="806" name="00807.jpg" width="1920" height="1080">
  </image>
  <image id="805" name="00806.jpg" width="1920" height="1080">
  </image>
  <image id="804" name="00805.jpg" width="1920" height="1080">
  </image>
  <image id="803" name="00804.jpg" width="1920" height="1080">
  </image>
  <image id="802" name="00803.jpg" width="1920" height="1080">
  </image>
  <image id="801" name="00802.jpg" width="1920" height="1080">
  </image>
  <image id="800" name="00801.jpg" width="1920" height="1080">
  </image>
  <image id="799" name="00800.jpg" width="1920" height="1080">
  </image>
  <image id="798" name="00799.jpg" width="1920" height="1080">
  </image>
  <image id="797" name="00798.jpg" width="1920" height="1080">
  </image>
  <image id="796" name="00797.jpg" width="1920" height="1080">
  </image>
  <image id="795" name="00796.jpg" width="1920" height="1080">
  </image>
  <image id="794" name="00795.jpg" width="1920" height="1080">
  </image>
  <image id="793" name="00794.jpg" width="1920" height="1080">
  </image>
  <image id="792" name="00793.jpg" width="1920" height="1080">
  </image>
  <image id="791" name="00792.jpg" width="1920" height="1080">
  </image>
  <image id="790" name="00791.jpg" width="1920" height="1080">
  </image>
  <image id="789" name="00790.jpg" width="1920" height="1080">
  </image>
  <image id="788" name="00789.jpg" width="1920" height="1080">
  </image>
  <image id="787" name="00788.jpg" width="1920" height="1080">
  </image>
  <image id="786" name="00787.jpg" width="1920" height="1080">
  </image>
  <image id="785" name="00786.jpg" width="1920" height="1080">
  </image>
  <image id="784" name="00785.jpg" width="1920" height="1080">
  </image>
  <image id="783" name="00784.jpg" width="1920" height="1080">
  </image>
  <image id="782" name="00783.jpg" width="1920" height="1080">
  </image>
  <image id="781" name="00782.jpg" width="1920" height="1080">
  </image>
  <image id="780" name="00781.jpg" width="1920" height="1080">
  </image>
  <image id="779" name="00780.jpg" width="1920" height="1080">
  </image>
  <image id="778" name="00779.jpg" width="1920" height="1080">
  </image>
  <image id="777" name="00778.jpg" width="1920" height="1080">
  </image>
  <image id="776" name="00777.jpg" width="1920" height="1080">
  </image>
  <image id="775" name="00776.jpg" width="1920" height="1080">
  </image>
  <image id="774" name="00775.jpg" width="1920" height="1080">
  </image>
  <image id="773" name="00774.jpg" width="1920" height="1080">
  </image>
  <image id="772" name="00773.jpg" width="1920" height="1080">
  </image>
  <image id="771" name="00772.jpg" width="1920" height="1080">
  </image>
  <image id="770" name="00771.jpg" width="1920" height="1080">
  </image>
  <image id="769" name="00770.jpg" width="1920" height="1080">
  </image>
  <image id="768" name="00769.jpg" width="1920" height="1080">
  </image>
  <image id="767" name="00768.jpg" width="1920" height="1080">
  </image>
  <image id="766" name="00767.jpg" width="1920" height="1080">
  </image>
  <image id="765" name="00766.jpg" width="1920" height="1080">
  </image>
  <image id="764" name="00765.jpg" width="1920" height="1080">
  </image>
  <image id="763" name="00764.jpg" width="1920" height="1080">
  </image>
  <image id="762" name="00763.jpg" width="1920" height="1080">
  </image>
  <image id="761" name="00762.jpg" width="1920" height="1080">
  </image>
  <image id="760" name="00761.jpg" width="1920" height="1080">
  </image>
  <image id="759" name="00760.jpg" width="1920" height="1080">
  </image>
  <image id="758" name="00759.jpg" width="1920" height="1080">
  </image>
  <image id="757" name="00758.jpg" width="1920" height="1080">
  </image>
  <image id="756" name="00757.jpg" width="1920" height="1080">
  </image>
  <image id="755" name="00756.jpg" width="1920" height="1080">
  </image>
  <image id="754" name="00755.jpg" width="1920" height="1080">
  </image>
  <image id="753" name="00754.jpg" width="1920" height="1080">
  </image>
  <image id="752" name="00753.jpg" width="1920" height="1080">
  </image>
  <image id="751" name="00752.jpg" width="1920" height="1080">
  </image>
  <image id="750" name="00751.jpg" width="1920" height="1080">
  </image>
  <image id="749" name="00750.jpg" width="1920" height="1080">
  </image>
  <image id="748" name="00749.jpg" width="1920" height="1080">
  </image>
  <image id="747" name="00748.jpg" width="1920" height="1080">
  </image>
  <image id="746" name="00747.jpg" width="1920" height="1080">
  </image>
  <image id="745" name="00746.jpg" width="1920" height="1080">
  </image>
  <image id="744" name="00745.jpg" width="1920" height="1080">
  </image>
  <image id="743" name="00744.jpg" width="1920" height="1080">
  </image>
  <image id="742" name="00743.jpg" width="1920" height="1080">
  </image>
  <image id="741" name="00742.jpg" width="1920" height="1080">
  </image>
  <image id="740" name="00741.jpg" width="1920" height="1080">
  </image>
  <image id="711" name="00712.jpg" width="1920" height="1080">
  </image>
  <image id="710" name="00711.jpg" width="1920" height="1080">
  </image>
  <image id="709" name="00710.jpg" width="1920" height="1080">
  </image>
  <image id="708" name="00709.jpg" width="1920" height="1080">
  </image>
  <image id="707" name="00708.jpg" width="1920" height="1080">
  </image>
  <image id="706" name="00707.jpg" width="1920" height="1080">
  </image>
  <image id="705" name="00706.jpg" width="1920" height="1080">
  </image>
  <image id="704" name="00705.jpg" width="1920" height="1080">
  </image>
  <image id="703" name="00704.jpg" width="1920" height="1080">
  </image>
  <image id="702" name="00703.jpg" width="1920" height="1080">
  </image>
  <image id="701" name="00702.jpg" width="1920" height="1080">
  </image>
  <image id="700" name="00701.jpg" width="1920" height="1080">
  </image>
  <image id="699" name="00700.jpg" width="1920" height="1080">
  </image>
  <image id="698" name="00699.jpg" width="1920" height="1080">
  </image>
  <image id="697" name="00698.jpg" width="1920" height="1080">
  </image>
  <image id="696" name="00697.jpg" width="1920" height="1080">
  </image>
  <image id="695" name="00696.jpg" width="1920" height="1080">
  </image>
  <image id="694" name="00695.jpg" width="1920" height="1080">
  </image>
  <image id="693" name="00694.jpg" width="1920" height="1080">
  </image>
  <image id="692" name="00693.jpg" width="1920" height="1080">
  </image>
  <image id="691" name="00692.jpg" width="1920" height="1080">
  </image>
  <image id="690" name="00691.jpg" width="1920" height="1080">
  </image>
  <image id="689" name="00690.jpg" width="1920" height="1080">
  </image>
  <image id="688" name="00689.jpg" width="1920" height="1080">
  </image>
  <image id="687" name="00688.jpg" width="1920" height="1080">
  </image>
  <image id="686" name="00687.jpg" width="1920" height="1080">
  </image>
  <image id="685" name="00686.jpg" width="1920" height="1080">
  </image>
  <image id="684" name="00685.jpg" width="1920" height="1080">
  </image>
  <image id="683" name="00684.jpg" width="1920" height="1080">
  </image>
  <image id="682" name="00683.jpg" width="1920" height="1080">
  </image>
  <image id="681" name="00682.jpg" width="1920" height="1080">
  </image>
  <image id="680" name="00681.jpg" width="1920" height="1080">
  </image>
  <image id="679" name="00680.jpg" width="1920" height="1080">
  </image>
  <image id="678" name="00679.jpg" width="1920" height="1080">
  </image>
  <image id="677" name="00678.jpg" width="1920" height="1080">
  </image>
  <image id="676" name="00677.jpg" width="1920" height="1080">
  </image>
  <image id="675" name="00676.jpg" width="1920" height="1080">
  </image>
  <image id="674" name="00675.jpg" width="1920" height="1080">
  </image>
  <image id="673" name="00674.jpg" width="1920" height="1080">
  </image>
  <image id="672" name="00673.jpg" width="1920" height="1080">
  </image>
  <image id="671" name="00672.jpg" width="1920" height="1080">
  </image>
  <image id="670" name="00671.jpg" width="1920" height="1080">
  </image>
  <image id="669" name="00670.jpg" width="1920" height="1080">
  </image>
  <image id="668" name="00669.jpg" width="1920" height="1080">
  </image>
  <image id="667" name="00668.jpg" width="1920" height="1080">
  </image>
  <image id="666" name="00667.jpg" width="1920" height="1080">
  </image>
  <image id="665" name="00666.jpg" width="1920" height="1080">
  </image>
  <image id="664" name="00665.jpg" width="1920" height="1080">
  </image>
  <image id="663" name="00664.jpg" width="1920" height="1080">
  </image>
  <image id="662" name="00663.jpg" width="1920" height="1080">
  </image>
  <image id="661" name="00662.jpg" width="1920" height="1080">
  </image>
  <image id="660" name="00661.jpg" width="1920" height="1080">
  </image>
  <image id="659" name="00660.jpg" width="1920" height="1080">
  </image>
  <image id="658" name="00659.jpg" width="1920" height="1080">
  </image>
  <image id="657" name="00658.jpg" width="1920" height="1080">
  </image>
  <image id="656" name="00657.jpg" width="1920" height="1080">
  </image>
  <image id="655" name="00656.jpg" width="1920" height="1080">
  </image>
  <image id="654" name="00655.jpg" width="1920" height="1080">
  </image>
  <image id="653" name="00654.jpg" width="1920" height="1080">
  </image>
  <image id="652" name="00653.jpg" width="1920" height="1080">
  </image>
  <image id="651" name="00652.jpg" width="1920" height="1080">
  </image>
  <image id="650" name="00651.jpg" width="1920" height="1080">
  </image>
  <image id="649" name="00650.jpg" width="1920" height="1080">
  </image>
  <image id="648" name="00649.jpg" width="1920" height="1080">
  </image>
  <image id="647" name="00648.jpg" width="1920" height="1080">
  </image>
  <image id="646" name="00647.jpg" width="1920" height="1080">
  </image>
  <image id="645" name="00646.jpg" width="1920" height="1080">
  </image>
  <image id="644" name="00645.jpg" width="1920" height="1080">
  </image>
  <image id="643" name="00644.jpg" width="1920" height="1080">
  </image>
  <image id="642" name="00643.jpg" width="1920" height="1080">
  </image>
  <image id="641" name="00642.jpg" width="1920" height="1080">
  </image>
  <image id="640" name="00641.jpg" width="1920" height="1080">
  </image>
  <image id="639" name="00640.jpg" width="1920" height="1080">
  </image>
  <image id="638" name="00639.jpg" width="1920" height="1080">
  </image>
  <image id="637" name="00638.jpg" width="1920" height="1080">
  </image>
  <image id="636" name="00637.jpg" width="1920" height="1080">
  </image>
  <image id="635" name="00636.jpg" width="1920" height="1080">
  </image>
  <image id="634" name="00635.jpg" width="1920" height="1080">
  </image>
  <image id="633" name="00634.jpg" width="1920" height="1080">
  </image>
  <image id="632" name="00633.jpg" width="1920" height="1080">
  </image>
  <image id="631" name="00632.jpg" width="1920" height="1080">
  </image>
  <image id="630" name="00631.jpg" width="1920" height="1080">
  </image>
  <image id="629" name="00630.jpg" width="1920" height="1080">
  </image>
  <image id="628" name="00629.jpg" width="1920" height="1080">
  </image>
  <image id="627" name="00628.jpg" width="1920" height="1080">
  </image>
  <image id="626" name="00627.jpg" width="1920" height="1080">
  </image>
  <image id="625" name="00626.jpg" width="1920" height="1080">
  </image>
  <image id="624" name="00625.jpg" width="1920" height="1080">
  </image>
  <image id="623" name="00624.jpg" width="1920" height="1080">
  </image>
  <image id="622" name="00623.jpg" width="1920" height="1080">
  </image>
  <image id="621" name="00622.jpg" width="1920" height="1080">
  </image>
  <image id="620" name="00621.jpg" width="1920" height="1080">
  </image>
  <image id="619" name="00620.jpg" width="1920" height="1080">
  </image>
  <image id="618" name="00619.jpg" width="1920" height="1080">
  </image>
  <image id="617" name="00618.jpg" width="1920" height="1080">
  </image>
  <image id="616" name="00617.jpg" width="1920" height="1080">
  </image>
  <image id="615" name="00616.jpg" width="1920" height="1080">
  </image>
  <image id="614" name="00615.jpg" width="1920" height="1080">
  </image>
  <image id="613" name="00614.jpg" width="1920" height="1080">
  </image>
  <image id="612" name="00613.jpg" width="1920" height="1080">
  </image>
  <image id="611" name="00612.jpg" width="1920" height="1080">
  </image>
  <image id="610" name="00611.jpg" width="1920" height="1080">
  </image>
  <image id="609" name="00610.jpg" width="1920" height="1080">
  </image>
  <image id="608" name="00609.jpg" width="1920" height="1080">
  </image>
  <image id="607" name="00608.jpg" width="1920" height="1080">
  </image>
  <image id="606" name="00607.jpg" width="1920" height="1080">
  </image>
  <image id="605" name="00606.jpg" width="1920" height="1080">
  </image>
  <image id="604" name="00605.jpg" width="1920" height="1080">
  </image>
  <image id="603" name="00604.jpg" width="1920" height="1080">
  </image>
  <image id="602" name="00603.jpg" width="1920" height="1080">
  </image>
  <image id="601" name="00602.jpg" width="1920" height="1080">
  </image>
  <image id="600" name="00601.jpg" width="1920" height="1080">
  </image>
  <image id="599" name="00600.jpg" width="1920" height="1080">
  </image>
  <image id="598" name="00599.jpg" width="1920" height="1080">
  </image>
  <image id="597" name="00598.jpg" width="1920" height="1080">
  </image>
  <image id="596" name="00597.jpg" width="1920" height="1080">
  </image>
  <image id="595" name="00596.jpg" width="1920" height="1080">
  </image>
  <image id="594" name="00595.jpg" width="1920" height="1080">
  </image>
  <image id="593" name="00594.jpg" width="1920" height="1080">
  </image>
  <image id="592" name="00593.jpg" width="1920" height="1080">
  </image>
  <image id="591" name="00592.jpg" width="1920" height="1080">
  </image>
  <image id="590" name="00591.jpg" width="1920" height="1080">
  </image>
  <image id="589" name="00590.jpg" width="1920" height="1080">
  </image>
  <image id="588" name="00589.jpg" width="1920" height="1080">
  </image>
  <image id="587" name="00588.jpg" width="1920" height="1080">
  </image>
  <image id="586" name="00587.jpg" width="1920" height="1080">
  </image>
  <image id="585" name="00586.jpg" width="1920" height="1080">
  </image>
  <image id="584" name="00585.jpg" width="1920" height="1080">
  </image>
  <image id="583" name="00584.jpg" width="1920" height="1080">
  </image>
  <image id="582" name="00583.jpg" width="1920" height="1080">
  </image>
  <image id="581" name="00582.jpg" width="1920" height="1080">
  </image>
  <image id="580" name="00581.jpg" width="1920" height="1080">
  </image>
  <image id="579" name="00580.jpg" width="1920" height="1080">
  </image>
  <image id="578" name="00579.jpg" width="1920" height="1080">
  </image>
  <image id="577" name="00578.jpg" width="1920" height="1080">
  </image>
  <image id="576" name="00577.jpg" width="1920" height="1080">
  </image>
  <image id="575" name="00576.jpg" width="1920" height="1080">
  </image>
  <image id="574" name="00575.jpg" width="1920" height="1080">
  </image>
  <image id="573" name="00574.jpg" width="1920" height="1080">
  </image>
  <image id="572" name="00573.jpg" width="1920" height="1080">
  </image>
  <image id="571" name="00572.jpg" width="1920" height="1080">
  </image>
  <image id="570" name="00571.jpg" width="1920" height="1080">
  </image>
  <image id="569" name="00570.jpg" width="1920" height="1080">
  </image>
  <image id="568" name="00569.jpg" width="1920" height="1080">
  </image>
  <image id="567" name="00568.jpg" width="1920" height="1080">
  </image>
  <image id="566" name="00567.jpg" width="1920" height="1080">
  </image>
  <image id="565" name="00566.jpg" width="1920" height="1080">
  </image>
  <image id="564" name="00565.jpg" width="1920" height="1080">
  </image>
  <image id="563" name="00564.jpg" width="1920" height="1080">
  </image>
  <image id="562" name="00563.jpg" width="1920" height="1080">
  </image>
  <image id="561" name="00562.jpg" width="1920" height="1080">
  </image>
  <image id="560" name="00561.jpg" width="1920" height="1080">
  </image>
  <image id="559" name="00560.jpg" width="1920" height="1080">
  </image>
  <image id="558" name="00559.jpg" width="1920" height="1080">
  </image>
  <image id="557" name="00558.jpg" width="1920" height="1080">
  </image>
  <image id="556" name="00557.jpg" width="1920" height="1080">
  </image>
  <image id="555" name="00556.jpg" width="1920" height="1080">
  </image>
  <image id="554" name="00555.jpg" width="1920" height="1080">
  </image>
  <image id="553" name="00554.jpg" width="1920" height="1080">
  </image>
  <image id="552" name="00553.jpg" width="1920" height="1080">
  </image>
  <image id="551" name="00552.jpg" width="1920" height="1080">
  </image>
  <image id="550" name="00551.jpg" width="1920" height="1080">
  </image>
  <image id="549" name="00550.jpg" width="1920" height="1080">
  </image>
  <image id="548" name="00549.jpg" width="1920" height="1080">
  </image>
  <image id="547" name="00548.jpg" width="1920" height="1080">
  </image>
  <image id="546" name="00547.jpg" width="1920" height="1080">
  </image>
  <image id="545" name="00546.jpg" width="1920" height="1080">
  </image>
  <image id="544" name="00545.jpg" width="1920" height="1080">
  </image>
  <image id="543" name="00544.jpg" width="1920" height="1080">
  </image>
  <image id="542" name="00543.jpg" width="1920" height="1080">
  </image>
  <image id="541" name="00542.jpg" width="1920" height="1080">
  </image>
  <image id="540" name="00541.jpg" width="1920" height="1080">
  </image>
  <image id="539" name="00540.jpg" width="1920" height="1080">
  </image>
  <image id="538" name="00539.jpg" width="1920" height="1080">
  </image>
  <image id="537" name="00538.jpg" width="1920" height="1080">
  </image>
  <image id="536" name="00537.jpg" width="1920" height="1080">
  </image>
  <image id="535" name="00536.jpg" width="1920" height="1080">
  </image>
  <image id="534" name="00535.jpg" width="1920" height="1080">
  </image>
  <image id="533" name="00534.jpg" width="1920" height="1080">
  </image>
  <image id="532" name="00533.jpg" width="1920" height="1080">
  </image>
  <image id="531" name="00532.jpg" width="1920" height="1080">
  </image>
  <image id="530" name="00531.jpg" width="1920" height="1080">
  </image>
  <image id="529" name="00530.jpg" width="1920" height="1080">
  </image>
  <image id="528" name="00529.jpg" width="1920" height="1080">
  </image>
  <image id="527" name="00528.jpg" width="1920" height="1080">
  </image>
  <image id="526" name="00527.jpg" width="1920" height="1080">
  </image>
  <image id="525" name="00526.jpg" width="1920" height="1080">
  </image>
  <image id="524" name="00525.jpg" width="1920" height="1080">
  </image>
  <image id="523" name="00524.jpg" width="1920" height="1080">
  </image>
  <image id="522" name="00523.jpg" width="1920" height="1080">
  </image>
  <image id="999" name="01000.jpg" width="1920" height="1080">
  </image>
  <image id="998" name="00999.jpg" width="1920" height="1080">
  </image>
  <image id="997" name="00998.jpg" width="1920" height="1080">
  </image>
  <image id="996" name="00997.jpg" width="1920" height="1080">
  </image>
  <image id="995" name="00996.jpg" width="1920" height="1080">
  </image>
  <image id="994" name="00995.jpg" width="1920" height="1080">
  </image>
  <image id="993" name="00994.jpg" width="1920" height="1080">
  </image>
  <image id="992" name="00993.jpg" width="1920" height="1080">
  </image>
  <image id="991" name="00992.jpg" width="1920" height="1080">
  </image>
  <image id="990" name="00991.jpg" width="1920" height="1080">
  </image>
  <image id="989" name="00990.jpg" width="1920" height="1080">
  </image>
  <image id="988" name="00989.jpg" width="1920" height="1080">
  </image>
  <image id="987" name="00988.jpg" width="1920" height="1080">
  </image>
  <image id="986" name="00987.jpg" width="1920" height="1080">
  </image>
  <image id="985" name="00986.jpg" width="1920" height="1080">
  </image>
  <image id="984" name="00985.jpg" width="1920" height="1080">
  </image>
  <image id="983" name="00984.jpg" width="1920" height="1080">
  </image>
  <image id="982" name="00983.jpg" width="1920" height="1080">
  </image>
  <image id="981" name="00982.jpg" width="1920" height="1080">
  </image>
  <image id="980" name="00981.jpg" width="1920" height="1080">
  </image>
  <image id="979" name="00980.jpg" width="1920" height="1080">
  </image>
  <image id="978" name="00979.jpg" width="1920" height="1080">
  </image>
  <image id="977" name="00978.jpg" width="1920" height="1080">
  </image>
  <image id="976" name="00977.jpg" width="1920" height="1080">
  </image>
  <image id="975" name="00976.jpg" width="1920" height="1080">
  </image>
  <image id="974" name="00975.jpg" width="1920" height="1080">
  </image>
  <image id="973" name="00974.jpg" width="1920" height="1080">
  </image>
  <image id="972" name="00973.jpg" width="1920" height="1080">
  </image>
  <image id="971" name="00972.jpg" width="1920" height="1080">
  </image>
  <image id="970" name="00971.jpg" width="1920" height="1080">
  </image>
  <image id="969" name="00970.jpg" width="1920" height="1080">
  </image>
  <image id="968" name="00969.jpg" width="1920" height="1080">
  </image>
  <image id="967" name="00968.jpg" width="1920" height="1080">
  </image>
  <image id="966" name="00967.jpg" width="1920" height="1080">
  </image>
  <image id="965" name="00966.jpg" width="1920" height="1080">
  </image>
  <image id="964" name="00965.jpg" width="1920" height="1080">
  </image>
  <image id="963" name="00964.jpg" width="1920" height="1080">
  </image>
  <image id="962" name="00963.jpg" width="1920" height="1080">
  </image>
  <image id="961" name="00962.jpg" width="1920" height="1080">
  </image>
  <image id="960" name="00961.jpg" width="1920" height="1080">
  </image>
  <image id="959" name="00960.jpg" width="1920" height="1080">
  </image>
  <image id="958" name="00959.jpg" width="1920" height="1080">
  </image>
  <image id="957" name="00958.jpg" width="1920" height="1080">
  </image>
  <image id="956" name="00957.jpg" width="1920" height="1080">
  </image>
  <image id="521" name="00522.jpg" width="1920" height="1080">
  </image>
  <image id="520" name="00521.jpg" width="1920" height="1080">
  </image>
  <image id="519" name="00520.jpg" width="1920" height="1080">
  </image>
  <image id="518" name="00519.jpg" width="1920" height="1080">
  </image>
  <image id="517" name="00518.jpg" width="1920" height="1080">
  </image>
  <image id="516" name="00517.jpg" width="1920" height="1080">
  </image>
  <image id="515" name="00516.jpg" width="1920" height="1080">
  </image>
  <image id="514" name="00515.jpg" width="1920" height="1080">
  </image>
  <image id="513" name="00514.jpg" width="1920" height="1080">
  </image>
  <image id="512" name="00513.jpg" width="1920" height="1080">
  </image>
  <image id="511" name="00512.jpg" width="1920" height="1080">
  </image>
  <image id="510" name="00511.jpg" width="1920" height="1080">
  </image>
  <image id="509" name="00510.jpg" width="1920" height="1080">
  </image>
  <image id="508" name="00509.jpg" width="1920" height="1080">
  </image>
  <image id="507" name="00508.jpg" width="1920" height="1080">
  </image>
  <image id="506" name="00507.jpg" width="1920" height="1080">
  </image>
  <image id="505" name="00506.jpg" width="1920" height="1080">
  </image>
  <image id="504" name="00505.jpg" width="1920" height="1080">
  </image>
  <image id="503" name="00504.jpg" width="1920" height="1080">
  </image>
  <image id="502" name="00503.jpg" width="1920" height="1080">
  </image>
  <image id="501" name="00502.jpg" width="1920" height="1080">
  </image>
  <image id="500" name="00501.jpg" width="1920" height="1080">
  </image>
  <image id="499" name="00500.jpg" width="1920" height="1080">
  </image>
  <image id="498" name="00499.jpg" width="1920" height="1080">
  </image>
  <image id="497" name="00498.jpg" width="1920" height="1080">
  </image>
  <image id="496" name="00497.jpg" width="1920" height="1080">
  </image>
  <image id="447" name="00448.jpg" width="1920" height="1080">
  </image>
  <image id="446" name="00447.jpg" width="1920" height="1080">
  </image>
  <image id="445" name="00446.jpg" width="1920" height="1080">
  </image>
  <image id="444" name="00445.jpg" width="1920" height="1080">
  </image>
  <image id="443" name="00444.jpg" width="1920" height="1080">
  </image>
  <image id="442" name="00443.jpg" width="1920" height="1080">
  </image>
  <image id="441" name="00442.jpg" width="1920" height="1080">
  </image>
  <image id="440" name="00441.jpg" width="1920" height="1080">
  </image>
  <image id="439" name="00440.jpg" width="1920" height="1080">
  </image>
  <image id="438" name="00439.jpg" width="1920" height="1080">
  </image>
  <image id="437" name="00438.jpg" width="1920" height="1080">
  </image>
  <image id="436" name="00437.jpg" width="1920" height="1080">
  </image>
  <image id="435" name="00436.jpg" width="1920" height="1080">
  </image>
  <image id="434" name="00435.jpg" width="1920" height="1080">
  </image>
  <image id="433" name="00434.jpg" width="1920" height="1080">
  </image>
  <image id="432" name="00433.jpg" width="1920" height="1080">
  </image>
  <image id="431" name="00432.jpg" width="1920" height="1080">
  </image>
  <image id="430" name="00431.jpg" width="1920" height="1080">
  </image>
  <image id="429" name="00430.jpg" width="1920" height="1080">
  </image>
  <image id="428" name="00429.jpg" width="1920" height="1080">
  </image>
  <image id="427" name="00428.jpg" width="1920" height="1080">
  </image>
  <image id="426" name="00427.jpg" width="1920" height="1080">
  </image>
  <image id="425" name="00426.jpg" width="1920" height="1080">
  </image>
  <image id="424" name="00425.jpg" width="1920" height="1080">
  </image>
  <image id="423" name="00424.jpg" width="1920" height="1080">
  </image>
  <image id="422" name="00423.jpg" width="1920" height="1080">
  </image>
  <image id="421" name="00422.jpg" width="1920" height="1080">
  </image>
  <image id="420" name="00421.jpg" width="1920" height="1080">
  </image>
  <image id="419" name="00420.jpg" width="1920" height="1080">
  </image>
  <image id="418" name="00419.jpg" width="1920" height="1080">
  </image>
  <image id="417" name="00418.jpg" width="1920" height="1080">
  </image>
  <image id="416" name="00417.jpg" width="1920" height="1080">
  </image>
  <image id="415" name="00416.jpg" width="1920" height="1080">
  </image>
  <image id="414" name="00415.jpg" width="1920" height="1080">
  </image>
  <image id="413" name="00414.jpg" width="1920" height="1080">
  </image>
  <image id="412" name="00413.jpg" width="1920" height="1080">
  </image>
  <image id="411" name="00412.jpg" width="1920" height="1080">
  </image>
  <image id="410" name="00411.jpg" width="1920" height="1080">
  </image>
  <image id="409" name="00410.jpg" width="1920" height="1080">
  </image>
  <image id="408" name="00409.jpg" width="1920" height="1080">
  </image>
  <image id="407" name="00408.jpg" width="1920" height="1080">
  </image>
  <image id="406" name="00407.jpg" width="1920" height="1080">
  </image>
  <image id="405" name="00406.jpg" width="1920" height="1080">
  </image>
  <image id="404" name="00405.jpg" width="1920" height="1080">
  </image>
  <image id="403" name="00404.jpg" width="1920" height="1080">
  </image>
  <image id="402" name="00403.jpg" width="1920" height="1080">
  </image>
  <image id="401" name="00402.jpg" width="1920" height="1080">
  </image>
  <image id="400" name="00401.jpg" width="1920" height="1080">
  </image>
  <image id="399" name="00400.jpg" width="1920" height="1080">
  </image>
  <image id="398" name="00399.jpg" width="1920" height="1080">
  </image>
  <image id="397" name="00398.jpg" width="1920" height="1080">
  </image>
  <image id="396" name="00397.jpg" width="1920" height="1080">
  </image>
  <image id="395" name="00396.jpg" width="1920" height="1080">
  </image>
  <image id="394" name="00395.jpg" width="1920" height="1080">
  </image>
  <image id="393" name="00394.jpg" width="1920" height="1080">
  </image>
  <image id="392" name="00393.jpg" width="1920" height="1080">
  </image>
  <image id="391" name="00392.jpg" width="1920" height="1080">
  </image>
  <image id="390" name="00391.jpg" width="1920" height="1080">
  </image>
  <image id="389" name="00390.jpg" width="1920" height="1080">
  </image>
  <image id="388" name="00389.jpg" width="1920" height="1080">
  </image>
  <image id="387" name="00388.jpg" width="1920" height="1080">
  </image>
  <image id="386" name="00387.jpg" width="1920" height="1080">
  </image>
  <image id="385" name="00386.jpg" width="1920" height="1080">
  </image>
  <image id="384" name="00385.jpg" width="1920" height="1080">
  </image>
  <image id="383" name="00384.jpg" width="1920" height="1080">
  </image>
  <image id="382" name="00383.jpg" width="1920" height="1080">
  </image>
  <image id="381" name="00382.jpg" width="1920" height="1080">
  </image>
  <image id="380" name="00381.jpg" width="1920" height="1080">
  </image>
  <image id="379" name="00380.jpg" width="1920" height="1080">
  </image>
  <image id="378" name="00379.jpg" width="1920" height="1080">
  </image>
  <image id="377" name="00378.jpg" width="1920" height="1080">
  </image>
  <image id="376" name="00377.jpg" width="1920" height="1080">
  </image>
  <image id="375" name="00376.jpg" width="1920" height="1080">
  </image>
  <image id="374" name="00375.jpg" width="1920" height="1080">
  </image>
  <image id="373" name="00374.jpg" width="1920" height="1080">
  </image>
  <image id="372" name="00373.jpg" width="1920" height="1080">
  </image>
  <image id="371" name="00372.jpg" width="1920" height="1080">
  </image>
  <image id="370" name="00371.jpg" width="1920" height="1080">
  </image>
  <image id="369" name="00370.jpg" width="1920" height="1080">
  </image>
  <image id="368" name="00369.jpg" width="1920" height="1080">
  </image>
  <image id="367" name="00368.jpg" width="1920" height="1080">
  </image>
  <image id="366" name="00367.jpg" width="1920" height="1080">
  </image>
  <image id="365" name="00366.jpg" width="1920" height="1080">
  </image>
  <image id="364" name="00365.jpg" width="1920" height="1080">
  </image>
  <image id="363" name="00364.jpg" width="1920" height="1080">
  </image>
  <image id="362" name="00363.jpg" width="1920" height="1080">
  </image>
  <image id="361" name="00362.jpg" width="1920" height="1080">
  </image>
  <image id="360" name="00361.jpg" width="1920" height="1080">
  </image>
  <image id="359" name="00360.jpg" width="1920" height="1080">
  </image>
  <image id="358" name="00359.jpg" width="1920" height="1080">
  </image>
  <image id="357" name="00358.jpg" width="1920" height="1080">
  </image>
  <image id="356" name="00357.jpg" width="1920" height="1080">
  </image>
  <image id="355" name="00356.jpg" width="1920" height="1080">
  </image>
  <image id="354" name="00355.jpg" width="1920" height="1080">
  </image>
  <image id="353" name="00354.jpg" width="1920" height="1080">
  </image>
  <image id="352" name="00353.jpg" width="1920" height="1080">
  </image>
  <image id="351" name="00352.jpg" width="1920" height="1080">
  </image>
  <image id="350" name="00351.jpg" width="1920" height="1080">
  </image>
  <image id="349" name="00350.jpg" width="1920" height="1080">
  </image>
  <image id="348" name="00349.jpg" width="1920" height="1080">
  </image>
  <image id="347" name="00348.jpg" width="1920" height="1080">
  </image>
  <image id="346" name="00347.jpg" width="1920" height="1080">
  </image>
  <image id="345" name="00346.jpg" width="1920" height="1080">
  </image>
  <image id="344" name="00345.jpg" width="1920" height="1080">
  </image>
  <image id="343" name="00344.jpg" width="1920" height="1080">
  </image>
  <image id="342" name="00343.jpg" width="1920" height="1080">
  </image>
  <image id="341" name="00342.jpg" width="1920" height="1080">
  </image>
  <image id="340" name="00341.jpg" width="1920" height="1080">
  </image>
  <image id="339" name="00340.jpg" width="1920" height="1080">
  </image>
  <image id="338" name="00339.jpg" width="1920" height="1080">
  </image>
  <image id="337" name="00338.jpg" width="1920" height="1080">
  </image>
  <image id="336" name="00337.jpg" width="1920" height="1080">
  </image>
  <image id="335" name="00336.jpg" width="1920" height="1080">
  </image>
  <image id="334" name="00335.jpg" width="1920" height="1080">
  </image>
  <image id="333" name="00334.jpg" width="1920" height="1080">
  </image>
  <image id="332" name="00333.jpg" width="1920" height="1080">
  </image>
  <image id="331" name="00332.jpg" width="1920" height="1080">
  </image>
  <image id="330" name="00331.jpg" width="1920" height="1080">
  </image>
  <image id="329" name="00330.jpg" width="1920" height="1080">
  </image>
  <image id="328" name="00329.jpg" width="1920" height="1080">
  </image>
  <image id="327" name="00328.jpg" width="1920" height="1080">
  </image>
  <image id="326" name="00327.jpg" width="1920" height="1080">
  </image>
  <image id="325" name="00326.jpg" width="1920" height="1080">
  </image>
  <image id="324" name="00325.jpg" width="1920" height="1080">
  </image>
  <image id="323" name="00324.jpg" width="1920" height="1080">
  </image>
  <image id="322" name="00323.jpg" width="1920" height="1080">
  </image>
  <image id="321" name="00322.jpg" width="1920" height="1080">
  </image>
  <image id="320" name="00321.jpg" width="1920" height="1080">
  </image>
  <image id="319" name="00320.jpg" width="1920" height="1080">
  </image>
  <image id="318" name="00319.jpg" width="1920" height="1080">
  </image>
  <image id="317" name="00318.jpg" width="1920" height="1080">
  </image>
  <image id="316" name="00317.jpg" width="1920" height="1080">
  </image>
  <image id="315" name="00316.jpg" width="1920" height="1080">
  </image>
  <image id="314" name="00315.jpg" width="1920" height="1080">
  </image>
  <image id="313" name="00314.jpg" width="1920" height="1080">
  </image>
  <image id="312" name="00313.jpg" width="1920" height="1080">
  </image>
  <image id="311" name="00312.jpg" width="1920" height="1080">
  </image>
  <image id="310" name="00311.jpg" width="1920" height="1080">
  </image>
  <image id="309" name="00310.jpg" width="1920" height="1080">
  </image>
  <image id="308" name="00309.jpg" width="1920" height="1080">
  </image>
  <image id="307" name="00308.jpg" width="1920" height="1080">
  </image>
  <image id="306" name="00307.jpg" width="1920" height="1080">
  </image>
  <image id="305" name="00306.jpg" width="1920" height="1080">
  </image>
  <image id="304" name="00305.jpg" width="1920" height="1080">
  </image>
  <image id="303" name="00304.jpg" width="1920" height="1080">
  </image>
  <image id="302" name="00303.jpg" width="1920" height="1080">
  </image>
  <image id="301" name="00302.jpg" width="1920" height="1080">
  </image>
  <image id="300" name="00301.jpg" width="1920" height="1080">
  </image>
  <image id="299" name="00300.jpg" width="1920" height="1080">
  </image>
  <image id="298" name="00299.jpg" width="1920" height="1080">
  </image>
  <image id="297" name="00298.jpg" width="1920" height="1080">
  </image>
  <image id="296" name="00297.jpg" width="1920" height="1080">
  </image>
  <image id="295" name="00296.jpg" width="1920" height="1080">
  </image>
  <image id="294" name="00295.jpg" width="1920" height="1080">
  </image>
  <image id="293" name="00294.jpg" width="1920" height="1080">
  </image>
  <image id="292" name="00293.jpg" width="1920" height="1080">
  </image>
  <image id="291" name="00292.jpg" width="1920" height="1080">
  </image>
  <image id="290" name="00291.jpg" width="1920" height="1080">
  </image>
  <image id="289" name="00290.jpg" width="1920" height="1080">
  </image>
  <image id="288" name="00289.jpg" width="1920" height="1080">
  </image>
  <image id="287" name="00288.jpg" width="1920" height="1080">
  </image>
  <image id="286" name="00287.jpg" width="1920" height="1080">
  </image>
  <image id="285" name="00286.jpg" width="1920" height="1080">
  </image>
  <image id="284" name="00285.jpg" width="1920" height="1080">
  </image>
  <image id="283" name="00284.jpg" width="1920" height="1080">
  </image>
  <image id="282" name="00283.jpg" width="1920" height="1080">
  </image>
  <image id="281" name="00282.jpg" width="1920" height="1080">
  </image>
  <image id="280" name="00281.jpg" width="1920" height="1080">
  </image>
  <image id="279" name="00280.jpg" width="1920" height="1080">
  </image>
  <image id="278" name="00279.jpg" width="1920" height="1080">
  </image>
  <image id="277" name="00278.jpg" width="1920" height="1080">
  </image>
  <image id="276" name="00277.jpg" width="1920" height="1080">
  </image>
  <image id="275" name="00276.jpg" width="1920" height="1080">
  </image>
  <image id="274" name="00275.jpg" width="1920" height="1080">
  </image>
  <image id="273" name="00274.jpg" width="1920" height="1080">
  </image>
  <image id="272" name="00273.jpg" width="1920" height="1080">
  </image>
  <image id="271" name="00272.jpg" width="1920" height="1080">
  </image>
  <image id="270" name="00271.jpg" width="1920" height="1080">
  </image>
  <image id="269" name="00270.jpg" width="1920" height="1080">
  </image>
  <image id="268" name="00269.jpg" width="1920" height="1080">
  </image>
  <image id="267" name="00268.jpg" width="1920" height="1080">
  </image>
  <image id="266" name="00267.jpg" width="1920" height="1080">
  </image>
  <image id="265" name="00266.jpg" width="1920" height="1080">
  </image>
  <image id="264" name="00265.jpg" width="1920" height="1080">
  </image>
  <image id="263" name="00264.jpg" width="1920" height="1080">
  </image>
  <image id="262" name="00263.jpg" width="1920" height="1080">
  </image>
  <image id="261" name="00262.jpg" width="1920" height="1080">
  </image>
  <image id="260" name="00261.jpg" width="1920" height="1080">
  </image>
  <image id="259" name="00260.jpg" width="1920" height="1080">
  </image>
  <image id="258" name="00259.jpg" width="1920" height="1080">
  </image>
  <image id="739" name="00740.jpg" width="1920" height="1080">
  </image>
  <image id="738" name="00739.jpg" width="1920" height="1080">
  </image>
  <image id="737" name="00738.jpg" width="1920" height="1080">
  </image>
  <image id="736" name="00737.jpg" width="1920" height="1080">
  </image>
  <image id="735" name="00736.jpg" width="1920" height="1080">
  </image>
  <image id="734" name="00735.jpg" width="1920" height="1080">
  </image>
  <image id="733" name="00734.jpg" width="1920" height="1080">
  </image>
  <image id="732" name="00733.jpg" width="1920" height="1080">
  </image>
  <image id="731" name="00732.jpg" width="1920" height="1080">
  </image>
  <image id="730" name="00731.jpg" width="1920" height="1080">
  </image>
  <image id="729" name="00730.jpg" width="1920" height="1080">
  </image>
  <image id="728" name="00729.jpg" width="1920" height="1080">
  </image>
  <image id="727" name="00728.jpg" width="1920" height="1080">
  </image>
  <image id="726" name="00727.jpg" width="1920" height="1080">
  </image>
  <image id="725" name="00726.jpg" width="1920" height="1080">
  </image>
  <image id="724" name="00725.jpg" width="1920" height="1080">
  </image>
  <image id="723" name="00724.jpg" width="1920" height="1080">
  </image>
  <image id="722" name="00723.jpg" width="1920" height="1080">
  </image>
  <image id="721" name="00722.jpg" width="1920" height="1080">
  </image>
  <image id="720" name="00721.jpg" width="1920" height="1080">
  </image>
  <image id="719" name="00720.jpg" width="1920" height="1080">
  </image>
  <image id="718" name="00719.jpg" width="1920" height="1080">
  </image>
  <image id="717" name="00718.jpg" width="1920" height="1080">
  </image>
  <image id="716" name="00717.jpg" width="1920" height="1080">
  </image>
  <image id="715" name="00716.jpg" width="1920" height="1080">
  </image>
  <image id="714" name="00715.jpg" width="1920" height="1080">
  </image>
  <image id="713" name="00714.jpg" width="1920" height="1080">
  </image>
  <image id="712" name="00713.jpg" width="1920" height="1080">
  </image>
  <image id="257" name="00258.jpg" width="1920" height="1080">
  </image>
  <image id="256" name="00257.jpg" width="1920" height="1080">
  </image>
  <image id="255" name="00256.jpg" width="1920" height="1080">
  </image>
  <image id="254" name="00255.jpg" width="1920" height="1080">
  </image>
  <image id="253" name="00254.jpg" width="1920" height="1080">
  </image>
  <image id="252" name="00253.jpg" width="1920" height="1080">
  </image>
  <image id="251" name="00252.jpg" width="1920" height="1080">
  </image>
  <image id="250" name="00251.jpg" width="1920" height="1080">
  </image>
  <image id="249" name="00250.jpg" width="1920" height="1080">
  </image>
  <image id="248" name="00249.jpg" width="1920" height="1080">
  </image>
  <image id="247" name="00248.jpg" width="1920" height="1080">
  </image>
  <image id="246" name="00247.jpg" width="1920" height="1080">
  </image>
  <image id="245" name="00246.jpg" width="1920" height="1080">
  </image>
  <image id="244" name="00245.jpg" width="1920" height="1080">
  </image>
  <image id="243" name="00244.jpg" width="1920" height="1080">
  </image>
  <image id="242" name="00243.jpg" width="1920" height="1080">
  </image>
  <image id="241" name="00242.jpg" width="1920" height="1080">
  </image>
  <image id="240" name="00241.jpg" width="1920" height="1080">
  </image>
  <image id="239" name="00240.jpg" width="1920" height="1080">
  </image>
  <image id="238" name="00239.jpg" width="1920" height="1080">
  </image>
  <image id="237" name="00238.jpg" width="1920" height="1080">
  </image>
  <image id="236" name="00237.jpg" width="1920" height="1080">
  </image>
  <image id="235" name="00236.jpg" width="1920" height="1080">
  </image>
  <image id="234" name="00235.jpg" width="1920" height="1080">
  </image>
  <image id="233" name="00234.jpg" width="1920" height="1080">
  </image>
  <image id="232" name="00233.jpg" width="1920" height="1080">
  </image>
  <image id="231" name="00232.jpg" width="1920" height="1080">
  </image>
  <image id="230" name="00231.jpg" width="1920" height="1080">
  </image>
  <image id="229" name="00230.jpg" width="1920" height="1080">
  </image>
  <image id="228" name="00229.jpg" width="1920" height="1080">
  </image>
  <image id="227" name="00228.jpg" width="1920" height="1080">
  </image>
  <image id="226" name="00227.jpg" width="1920" height="1080">
  </image>
  <image id="225" name="00226.jpg" width="1920" height="1080">
  </image>
  <image id="224" name="00225.jpg" width="1920" height="1080">
  </image>
  <image id="223" name="00224.jpg" width="1920" height="1080">
  </image>
  <image id="222" name="00223.jpg" width="1920" height="1080">
  </image>
  <image id="221" name="00222.jpg" width="1920" height="1080">
  </image>
  <image id="220" name="00221.jpg" width="1920" height="1080">
  </image>
  <image id="219" name="00220.jpg" width="1920" height="1080">
  </image>
  <image id="218" name="00219.jpg" width="1920" height="1080">
  </image>
  <image id="217" name="00218.jpg" width="1920" height="1080">
  </image>
  <image id="216" name="00217.jpg" width="1920" height="1080">
  </image>
  <image id="215" name="00216.jpg" width="1920" height="1080">
  </image>
  <image id="214" name="00215.jpg" width="1920" height="1080">
  </image>
  <image id="213" name="00214.jpg" width="1920" height="1080">
  </image>
  <image id="212" name="00213.jpg" width="1920" height="1080">
  </image>
  <image id="211" name="00212.jpg" width="1920" height="1080">
  </image>
  <image id="210" name="00211.jpg" width="1920" height="1080">
  </image>
  <image id="209" name="00210.jpg" width="1920" height="1080">
  </image>
  <image id="208" name="00209.jpg" width="1920" height="1080">
  </image>
  <image id="207" name="00208.jpg" width="1920" height="1080">
  </image>
  <image id="206" name="00207.jpg" width="1920" height="1080">
  </image>
  <image id="205" name="00206.jpg" width="1920" height="1080">
  </image>
  <image id="204" name="00205.jpg" width="1920" height="1080">
  </image>
  <image id="203" name="00204.jpg" width="1920" height="1080">
  </image>
  <image id="202" name="00203.jpg" width="1920" height="1080">
  </image>
  <image id="201" name="00202.jpg" width="1920" height="1080">
  </image>
  <image id="200" name="00201.jpg" width="1920" height="1080">
  </image>
  <image id="199" name="00200.jpg" width="1920" height="1080">
  </image>
  <image id="198" name="00199.jpg" width="1920" height="1080">
  </image>
  <image id="197" name="00198.jpg" width="1920" height="1080">
  </image>
  <image id="196" name="00197.jpg" width="1920" height="1080">
  </image>
  <image id="195" name="00196.jpg" width="1920" height="1080">
  </image>
  <image id="194" name="00195.jpg" width="1920" height="1080">
  </image>
  <image id="193" name="00194.jpg" width="1920" height="1080">
  </image>
  <image id="192" name="00193.jpg" width="1920" height="1080">
  </image>
  <image id="191" name="00192.jpg" width="1920" height="1080">
  </image>
  <image id="190" name="00191.jpg" width="1920" height="1080">
  </image>
  <image id="189" name="00190.jpg" width="1920" height="1080">
  </image>
  <image id="188" name="00189.jpg" width="1920" height="1080">
  </image>
  <image id="187" name="00188.jpg" width="1920" height="1080">
  </image>
  <image id="186" name="00187.jpg" width="1920" height="1080">
  </image>
  <image id="185" name="00186.jpg" width="1920" height="1080">
  </image>
  <image id="184" name="00185.jpg" width="1920" height="1080">
  </image>
  <image id="183" name="00184.jpg" width="1920" height="1080">
  </image>
  <image id="182" name="00183.jpg" width="1920" height="1080">
  </image>
  <image id="181" name="00182.jpg" width="1920" height="1080">
  </image>
  <image id="180" name="00181.jpg" width="1920" height="1080">
  </image>
  <image id="179" name="00180.jpg" width="1920" height="1080">
  </image>
  <image id="178" name="00179.jpg" width="1920" height="1080">
  </image>
  <image id="177" name="00178.jpg" width="1920" height="1080">
  </image>
  <image id="176" name="00177.jpg" width="1920" height="1080">
  </image>
  <image id="175" name="00176.jpg" width="1920" height="1080">
  </image>
  <image id="174" name="00175.jpg" width="1920" height="1080">
  </image>
  <image id="173" name="00174.jpg" width="1920" height="1080">
  </image>
  <image id="172" name="00173.jpg" width="1920" height="1080">
  </image>
  <image id="171" name="00172.jpg" width="1920" height="1080">
  </image>
  <image id="170" name="00171.jpg" width="1920" height="1080">
  </image>
  <image id="169" name="00170.jpg" width="1920" height="1080">
  </image>
  <image id="168" name="00169.jpg" width="1920" height="1080">
  </image>
  <image id="167" name="00168.jpg" width="1920" height="1080">
  </image>
  <image id="166" name="00167.jpg" width="1920" height="1080">
  </image>
  <image id="165" name="00166.jpg" width="1920" height="1080">
  </image>
  <image id="164" name="00165.jpg" width="1920" height="1080">
  </image>
  <image id="163" name="00164.jpg" width="1920" height="1080">
  </image>
  <image id="162" name="00163.jpg" width="1920" height="1080">
  </image>
  <image id="161" name="00162.jpg" width="1920" height="1080">
  </image>
  <image id="160" name="00161.jpg" width="1920" height="1080">
  </image>
  <image id="159" name="00160.jpg" width="1920" height="1080">
  </image>
  <image id="158" name="00159.jpg" width="1920" height="1080">
  </image>
  <image id="157" name="00158.jpg" width="1920" height="1080">
  </image>
  <image id="156" name="00157.jpg" width="1920" height="1080">
  </image>
  <image id="155" name="00156.jpg" width="1920" height="1080">
  </image>
  <image id="154" name="00155.jpg" width="1920" height="1080">
  </image>
  <image id="153" name="00154.jpg" width="1920" height="1080">
  </image>
  <image id="152" name="00153.jpg" width="1920" height="1080">
  </image>
  <image id="151" name="00152.jpg" width="1920" height="1080">
  </image>
  <image id="150" name="00151.jpg" width="1920" height="1080">
  </image>
  <image id="149" name="00150.jpg" width="1920" height="1080">
  </image>
  <image id="148" name="00149.jpg" width="1920" height="1080">
  </image>
  <image id="147" name="00148.jpg" width="1920" height="1080">
  </image>
  <image id="146" name="00147.jpg" width="1920" height="1080">
  </image>
  <image id="145" name="00146.jpg" width="1920" height="1080">
  </image>
  <image id="144" name="00145.jpg" width="1920" height="1080">
  </image>
  <image id="143" name="00144.jpg" width="1920" height="1080">
  </image>
  <image id="142" name="00143.jpg" width="1920" height="1080">
  </image>
  <image id="141" name="00142.jpg" width="1920" height="1080">
  </image>
  <image id="140" name="00141.jpg" width="1920" height="1080">
  </image>
  <image id="139" name="00140.jpg" width="1920" height="1080">
  </image>
  <image id="138" name="00139.jpg" width="1920" height="1080">
  </image>
  <image id="137" name="00138.jpg" width="1920" height="1080">
  </image>
  <image id="136" name="00137.jpg" width="1920" height="1080">
  </image>
  <image id="135" name="00136.jpg" width="1920" height="1080">
  </image>
  <image id="134" name="00135.jpg" width="1920" height="1080">
  </image>
  <image id="133" name="00134.jpg" width="1920" height="1080">
  </image>
  <image id="132" name="00133.jpg" width="1920" height="1080">
  </image>
  <image id="131" name="00132.jpg" width="1920" height="1080">
  </image>
  <image id="130" name="00131.jpg" width="1920" height="1080">
  </image>
  <image id="129" name="00130.jpg" width="1920" height="1080">
  </image>
  <image id="128" name="00129.jpg" width="1920" height="1080">
  </image>
  <image id="127" name="00128.jpg" width="1920" height="1080">
  </image>
  <image id="126" name="00127.jpg" width="1920" height="1080">
  </image>
  <image id="125" name="00126.jpg" width="1920" height="1080">
  </image>
  <image id="124" name="00125.jpg" width="1920" height="1080">
  </image>
  <image id="123" name="00124.jpg" width="1920" height="1080">
  </image>
  <image id="122" name="00123.jpg" width="1920" height="1080">
  </image>
  <image id="121" name="00122.jpg" width="1920" height="1080">
  </image>
  <image id="120" name="00121.jpg" width="1920" height="1080">
  </image>
  <image id="119" name="00120.jpg" width="1920" height="1080">
  </image>
  <image id="118" name="00119.jpg" width="1920" height="1080">
  </image>
  <image id="117" name="00118.jpg" width="1920" height="1080">
  </image>
  <image id="116" name="00117.jpg" width="1920" height="1080">
  </image>
  <image id="115" name="00116.jpg" width="1920" height="1080">
  </image>
  <image id="114" name="00115.jpg" width="1920" height="1080">
  </image>
  <image id="113" name="00114.jpg" width="1920" height="1080">
  </image>
  <image id="112" name="00113.jpg" width="1920" height="1080">
  </image>
  <image id="111" name="00112.jpg" width="1920" height="1080">
  </image>
  <image id="110" name="00111.jpg" width="1920" height="1080">
  </image>
  <image id="109" name="00110.jpg" width="1920" height="1080">
  </image>
  <image id="108" name="00109.jpg" width="1920" height="1080">
  </image>
  <image id="107" name="00108.jpg" width="1920" height="1080">
  </image>
  <image id="106" name="00107.jpg" width="1920" height="1080">
  </image>
  <image id="105" name="00106.jpg" width="1920" height="1080">
  </image>
  <image id="104" name="00105.jpg" width="1920" height="1080">
  </image>
  <image id="103" name="00104.jpg" width="1920" height="1080">
  </image>
  <image id="102" name="00103.jpg" width="1920" height="1080">
  </image>
  <image id="101" name="00102.jpg" width="1920" height="1080">
  </image>
  <image id="100" name="00101.jpg" width="1920" height="1080">
  </image>
  <image id="99" name="00100.jpg" width="1920" height="1080">
  </image>
  <image id="98" name="00099.jpg" width="1920" height="1080">
  </image>
  <image id="97" name="00098.jpg" width="1920" height="1080">
  </image>
  <image id="96" name="00097.jpg" width="1920" height="1080">
  </image>
  <image id="95" name="00096.jpg" width="1920" height="1080">
  </image>
  <image id="94" name="00095.jpg" width="1920" height="1080">
  </image>
  <image id="93" name="00094.jpg" width="1920" height="1080">
  </image>
  <image id="92" name="00093.jpg" width="1920" height="1080">
  </image>
  <image id="91" name="00092.jpg" width="1920" height="1080">
  </image>
  <image id="90" name="00091.jpg" width="1920" height="1080">
  </image>
  <image id="89" name="00090.jpg" width="1920" height="1080">
  </image>
  <image id="88" name="00089.jpg" width="1920" height="1080">
  </image>
  <image id="87" name="00088.jpg" width="1920" height="1080">
  </image>
  <image id="86" name="00087.jpg" width="1920" height="1080">
  </image>
  <image id="85" name="00086.jpg" width="1920" height="1080">
  </image>
  <image id="84" name="00085.jpg" width="1920" height="1080">
  </image>
  <image id="83" name="00084.jpg" width="1920" height="1080">
  </image>
  <image id="82" name="00083.jpg" width="1920" height="1080">
  </image>
  <image id="81" name="00082.jpg" width="1920" height="1080">
  </image>
  <image id="80" name="00081.jpg" width="1920" height="1080">
  </image>
  <image id="79" name="00080.jpg" width="1920" height="1080">
  </image>
  <image id="78" name="00079.jpg" width="1920" height="1080">
  </image>
  <image id="77" name="00078.jpg" width="1920" height="1080">
  </image>
  <image id="76" name="00077.jpg" width="1920" height="1080">
  </image>
  <image id="75" name="00076.jpg" width="1920" height="1080">
  </image>
  <image id="74" name="00075.jpg" width="1920" height="1080">
  </image>
  <image id="73" name="00074.jpg" width="1920" height="1080">
  </image>
  <image id="72" name="00073.jpg" width="1920" height="1080">
  </image>
  <image id="71" name="00072.jpg" width="1920" height="1080">
  </image>
  <image id="70" name="00071.jpg" width="1920" height="1080">
  </image>
  <image id="69" name="00070.jpg" width="1920" height="1080">
  </image>
  <image id="68" name="00069.jpg" width="1920" height="1080">
  </image>
  <image id="67" name="00068.jpg" width="1920" height="1080">
  </image>
  <image id="66" name="00067.jpg" width="1920" height="1080">
  </image>
  <image id="65" name="00066.jpg" width="1920" height="1080">
  </image>
  <image id="64" name="00065.jpg" width="1920" height="1080">
  </image>
  <image id="63" name="00064.jpg" width="1920" height="1080">
  </image>
  <image id="62" name="00063.jpg" width="1920" height="1080">
  </image>
  <image id="61" name="00062.jpg" width="1920" height="1080">
  </image>
  <image id="60" name="00061.jpg" width="1920" height="1080">
  </image>
  <image id="59" name="00060.jpg" width="1920" height="1080">
  </image>
  <image id="58" name="00059.jpg" width="1920" height="1080">
  </image>
  <image id="57" name="00058.jpg" width="1920" height="1080">
  </image>
  <image id="56" name="00057.jpg" width="1920" height="1080">
  </image>
  <image id="55" name="00056.jpg" width="1920" height="1080">
  </image>
  <image id="54" name="00055.jpg" width="1920" height="1080">
  </image>
  <image id="53" name="00054.jpg" width="1920" height="1080">
  </image>
  <image id="52" name="00053.jpg" width="1920" height="1080">
  </image>
  <image id="51" name="00052.jpg" width="1920" height="1080">
  </image>
  <image id="50" name="00051.jpg" width="1920" height="1080">
  </image>
  <image id="49" name="00050.jpg" width="1920" height="1080">
  </image>
  <image id="48" name="00049.jpg" width="1920" height="1080">
  </image>
  <image id="47" name="00048.jpg" width="1920" height="1080">
  </image>
  <image id="46" name="00047.jpg" width="1920" height="1080">
  </image>
  <image id="45" name="00046.jpg" width="1920" height="1080">
  </image>
  <image id="44" name="00045.jpg" width="1920" height="1080">
  </image>
  <image id="43" name="00044.jpg" width="1920" height="1080">
  </image>
  <image id="42" name="00043.jpg" width="1920" height="1080">
  </image>
  <image id="495" name="00496.jpg" width="1920" height="1080">
  </image>
  <image id="494" name="00495.jpg" width="1920" height="1080">
  </image>
  <image id="493" name="00494.jpg" width="1920" height="1080">
  </image>
  <image id="492" name="00493.jpg" width="1920" height="1080">
  </image>
  <image id="491" name="00492.jpg" width="1920" height="1080">
  </image>
  <image id="490" name="00491.jpg" width="1920" height="1080">
  </image>
  <image id="489" name="00490.jpg" width="1920" height="1080">
  </image>
  <image id="488" name="00489.jpg" width="1920" height="1080">
  </image>
  <image id="487" name="00488.jpg" width="1920" height="1080">
  </image>
  <image id="486" name="00487.jpg" width="1920" height="1080">
  </image>
  <image id="485" name="00486.jpg" width="1920" height="1080">
  </image>
  <image id="484" name="00485.jpg" width="1920" height="1080">
  </image>
  <image id="483" name="00484.jpg" width="1920" height="1080">
  </image>
  <image id="482" name="00483.jpg" width="1920" height="1080">
  </image>
  <image id="481" name="00482.jpg" width="1920" height="1080">
  </image>
  <image id="480" name="00481.jpg" width="1920" height="1080">
  </image>
  <image id="479" name="00480.jpg" width="1920" height="1080">
  </image>
  <image id="478" name="00479.jpg" width="1920" height="1080">
  </image>
  <image id="477" name="00478.jpg" width="1920" height="1080">
  </image>
  <image id="476" name="00477.jpg" width="1920" height="1080">
  </image>
  <image id="475" name="00476.jpg" width="1920" height="1080">
  </image>
  <image id="474" name="00475.jpg" width="1920" height="1080">
  </image>
  <image id="473" name="00474.jpg" width="1920" height="1080">
  </image>
  <image id="472" name="00473.jpg" width="1920" height="1080">
  </image>
  <image id="471" name="00472.jpg" width="1920" height="1080">
  </image>
  <image id="470" name="00471.jpg" width="1920" height="1080">
  </image>
  <image id="469" name="00470.jpg" width="1920" height="1080">
  </image>
  <image id="468" name="00469.jpg" width="1920" height="1080">
  </image>
  <image id="467" name="00468.jpg" width="1920" height="1080">
  </image>
  <image id="466" name="00467.jpg" width="1920" height="1080">
  </image>
  <image id="465" name="00466.jpg" width="1920" height="1080">
  </image>
  <image id="464" name="00465.jpg" width="1920" height="1080">
  </image>
  <image id="463" name="00464.jpg" width="1920" height="1080">
  </image>
  <image id="462" name="00463.jpg" width="1920" height="1080">
  </image>
  <image id="461" name="00462.jpg" width="1920" height="1080">
  </image>
  <image id="460" name="00461.jpg" width="1920" height="1080">
  </image>
  <image id="459" name="00460.jpg" width="1920" height="1080">
  </image>
  <image id="458" name="00459.jpg" width="1920" height="1080">
  </image>
  <image id="457" name="00458.jpg" width="1920" height="1080">
  </image>
  <image id="456" name="00457.jpg" width="1920" height="1080">
  </image>
  <image id="455" name="00456.jpg" width="1920" height="1080">
  </image>
  <image id="454" name="00455.jpg" width="1920" height="1080">
  </image>
  <image id="453" name="00454.jpg" width="1920" height="1080">
  </image>
  <image id="452" name="00453.jpg" width="1920" height="1080">
  </image>
  <image id="451" name="00452.jpg" width="1920" height="1080">
  </image>
  <image id="450" name="00451.jpg" width="1920" height="1080">
  </image>
  <image id="449" name="00450.jpg" width="1920" height="1080">
  </image>
  <image id="448" name="00449.jpg" width="1920" height="1080">
  </image>
  <image id="41" name="00042.jpg" width="1920" height="1080">
  </image>
  <image id="40" name="00041.jpg" width="1920" height="1080">
  </image>
  <image id="39" name="00040.jpg" width="1920" height="1080">
  </image>
  <image id="38" name="00039.jpg" width="1920" height="1080">
  </image>
  <image id="37" name="00038.jpg" width="1920" height="1080">
  </image>
  <image id="36" name="00037.jpg" width="1920" height="1080">
  </image>
  <image id="35" name="00036.jpg" width="1920" height="1080">
  </image>
  <image id="34" name="00035.jpg" width="1920" height="1080">
  </image>
  <image id="33" name="00034.jpg" width="1920" height="1080">
  </image>
  <image id="32" name="00033.jpg" width="1920" height="1080">
  </image>
  <image id="31" name="00032.jpg" width="1920" height="1080">
  </image>
  <image id="30" name="00031.jpg" width="1920" height="1080">
  </image>
  <image id="29" name="00030.jpg" width="1920" height="1080">
  </image>
  <image id="28" name="00029.jpg" width="1920" height="1080">
  </image>
  <image id="27" name="00028.jpg" width="1920" height="1080">
  </image>
  <image id="26" name="00027.jpg" width="1920" height="1080">
  </image>
  <image id="25" name="00026.jpg" width="1920" height="1080">
  </image>
  <image id="24" name="00025.jpg" width="1920" height="1080">
  </image>
  <image id="23" name="00024.jpg" width="1920" height="1080">
  </image>
  <image id="22" name="00023.jpg" width="1920" height="1080">
  </image>
  <image id="21" name="00022.jpg" width="1920" height="1080">
  </image>
  <image id="20" name="00021.jpg" width="1920" height="1080">
  </image>
  <image id="19" name="00020.jpg" width="1920" height="1080">
  </image>
  <image id="18" name="00019.jpg" width="1920" height="1080">
  </image>
  <image id="17" name="00018.jpg" width="1920" height="1080">
  </image>
  <image id="16" name="00017.jpg" width="1920" height="1080">
  </image>
  <image id="15" name="00016.jpg" width="1920" height="1080">
  </image>
  <image id="14" name="00015.jpg" width="1920" height="1080">
  </image>
  <image id="13" name="00014.jpg" width="1920" height="1080">
  </image>
  <image id="12" name="00013.jpg" width="1920" height="1080">
  </image>
  <image id="11" name="00012.jpg" width="1920" height="1080">
  </image>
  <image id="10" name="00011.jpg" width="1920" height="1080">
  </image>
  <image id="9" name="00010.jpg" width="1920" height="1080">
  </image>
  <image id="8" name="00009.jpg" width="1920" height="1080">
  </image>
  <image id="7" name="00008.jpg" width="1920" height="1080">
  </image>
  <image id="6" name="00007.jpg" width="1920" height="1080">
  </image>
  <image id="5" name="00006.jpg" width="1920" height="1080">
  </image>
  <image id="4" name="00005.jpg" width="1920" height="1080">
  </image>
  <image id="3" name="00004.jpg" width="1920" height="1080">
  </image>
  <image id="2" name="00003.jpg" width="1920" height="1080">
  </image>
  <image id="1" name="00002.jpg" width="1920" height="1080">
  </image>
  <image id="0" name="00001.jpg" width="1920" height="1080">
  </image>
</annotations>
